Year,Tag,Count,Total Questions,Percentage
2023,"""python""",2233,6532,34.19
2023,"""javascript""",1304,6532,19.96
2023,"""java""",487,6532,7.46
2023,"""c#""",449,6532,6.87
2023,"""reactjs""",421,6532,6.45
2023,"""android""",410,6532,6.28
2023,"""c++""",384,6532,5.88
2023,"""html""",304,6532,4.65
2023,"""r""",296,6532,4.53
2023,"""flutter""",244,6532,3.74
2024,"""python""",2505,8568,29.24
2024,"""javascript""",1597,8568,18.64
2024,"""java""",845,8568,9.86
2024,"""c#""",692,8568,8.08
2024,"""reactjs""",676,8568,7.89
2024,"""android""",509,8568,5.94
2024,"""c++""",490,8568,5.72
2024,"""html""",450,8568,5.25
2024,"""r""",461,8568,5.38
2024,"""flutter""",343,8568,4.0
2025,"""python""",2879,10594,27.18
2025,"""javascript""",1781,10594,16.81
2025,"""java""",1046,10594,9.87
2025,"""c#""",951,10594,8.98
2025,"""reactjs""",876,10594,8.27
2025,"""android""",664,10594,6.27
2025,"""c++""",661,10594,6.24
2025,"""html""",610,10594,5.76
2025,"""r""",659,10594,6.22
2025,"""flutter""",467,10594,4.41
